SpecNo,MaterialCode,MaterialCodeIfs,SupplierName,Revision
CCL-SPEC-QC001,SW-7325F,,CN CÔNG TY TNHH AVERY DENNISON (VIỆT NAM) TẠI BẮC NINH,R03
CCL-SPEC-QC002,SW-7038F,,CN CÔNG TY TNHH AVERY DENNISON (VIỆT NAM) TẠI BẮC NINH,R03
CCL-SPEC-QC003,AW-0331F,,CN CÔNG TY TNHH AVERY DENNISON (VIỆT NAM) TẠI BẮC NINH,R03
CCL-SPEC-QC004,BW-0153,,CN CÔNG TY TNHH AVERY DENNISON (VIỆT NAM) TẠI BẮC NINH,R03
CCL-SPEC-QC005,BW-0112N,,CN CÔNG TY TNHH AVERY DENNISON (VIỆT NAM) TẠI BẮC NINH,R03
CCL-SPEC-QC006,MZ-1081,,CN CÔNG TY TNHH AVERY DENNISON (VIỆT NAM) TẠI BẮC NINH,R03
CCL-SPEC-QC007,NW-0033F,,CN CÔNG TY TNHH AVERY DENNISON (VIỆT NAM) TẠI BẮC NINH,R03
CCL-SPEC-QC008,MW-3010A2,,CN CÔNG TY TNHH AVERY DENNISON (VIỆT NAM) TẠI BẮC NINH,R03
CCL-SPEC-QC009,MZ-1061J1,,CN CÔNG TY TNHH AVERY DENNISON (VIỆT NAM) TẠI BẮC NINH,R03
CCL-SPEC-QC010,MW-0066F,,CN CÔNG TY TNHH AVERY DENNISON (VIỆT NAM) TẠI BẮC NINH,R03
CCL-SPEC-QC011,MZ-1019B,,CN CÔNG TY TNHH AVERY DENNISON (VIỆT NAM) TẠI BẮC NINH,R03
CCL-SPEC-QC012,AW-0416F,,CN CÔNG TY TNHH AVERY DENNISON (VIỆT NAM) TẠI BẮC NINH,R03
CCL-SPEC-QC013,BW-7513,,CN CÔNG TY TNHH AVERY DENNISON (VIỆT NAM) TẠI BẮC NINH,R03
CCL-SPEC-QC014,BW-9320A,,CN CÔNG TY TNHH AVERY DENNISON (VIỆT NAM) TẠI BẮC NINH,R03
CCL-SPEC-QC015,SY-7025N,,CN CÔNG TY TNHH AVERY DENNISON (VIỆT NAM) TẠI BẮC NINH,R03
CCL-SPEC-QC016,MZ-0104,,CN CÔNG TY TNHH AVERY DENNISON (VIỆT NAM) TẠI BẮC NINH,R03
CCL-SPEC-QC018,MZ-0333,,CN CÔNG TY TNHH AVERY DENNISON (VIỆT NAM) TẠI BẮC NINH,R03
CCL-SPEC-QC029,P5010,,Công ty TNHH Cung Cấp Điện Tử Sesin Việt Nam,R03
CCL-SPEC-QC030,DF-2700 LM,,"Sampoong Chemitech Co.,Ltd",R03
CCL-SPEC-QC032,POLY SILK100G BN/PEKC1S,,Công ty TNHH Vinh Thái,R03
CCL-SPEC-QC036,MZ-0111,,CN CÔNG TY TNHH AVERY DENNISON (VIỆT NAM) TẠI BẮC NINH,R03
CCL-SPEC-QC040,CÁC LOẠI DAO,,All,R01
CCL-SPEC-QC041,SEKISUI Double Faced Tape #BGSP25FS,,"SEKISUI SPECIALTY CHEMICALS (THAILAND) CO.,LTD.",R03
CCL-SPEC-QC045,78064,,CN CÔNG TY TNHH AVERY DENNISON (VIỆT NAM) TẠI BẮC NINH,R03
CCL-SPEC-QC048,MZ-1067A,,CN CÔNG TY TNHH AVERY DENNISON (VIỆT NAM) TẠI BẮC NINH,R03
CCL-SPEC-QC050,MZ-2000W,,CN CÔNG TY TNHH AVERY DENNISON (VIỆT NAM) TẠI BẮC NINH,R03
CCL-SPEC-QC051,NW-5568D,,CN CÔNG TY TNHH AVERY DENNISON (VIỆT NAM) TẠI BẮC NINH,R03
CCL-SPEC-QC052,NW-1568,,CN CÔNG TY TNHH AVERY DENNISON (VIỆT NAM) TẠI BẮC NINH,R03
CCL-SPEC-QC053,MZ-0102,,CN CÔNG TY TNHH AVERY DENNISON (VIỆT NAM) TẠI BẮC NINH,R03
CCL-SPEC-QC055,DIC-8800CH,,"ATARIH Precision Vietnam Co.,Ltd",R03
CCL-SPEC-QC056,PHÔI NHỰA - Panel Face G,,HANEL XỐP NHỰA(ZION),R03
CCL-SPEC-QC057,Tấm nền màn hình bằng nhựa Fanel Face G (AWW1112),,"CAD PLASTIC CO., LTD",R03
CCL-SPEC-QC058,NITTO 5000NS,,"ATARIH Precision Vietnam Co.,Ltd",R03
CCL-SPEC-QC059,NITTO 500,,"ATARIH Precision Vietnam Co.,Ltd",R03
CCL-SPEC-QC060,TESA 4982,70000076,"SHENZHEN PANKOK ELECTRONIC TECHNOLOGY CO., LTD",R03
CCL-SPEC-QC070,KL00HV,,CÔNG TY TNHH VẬT LIỆU TÂN TIẾN FORTUNA BẮC NINH,R03
CCL-SPEC-QC073,FLD/RPC5/GZD,,Công ty TNHH UPM (Việt Nam),R03
CCL-SPEC-QC074,THERMAL ECO BPAFREE-FSC,,Công ty TNHH UPM (Việt Nam),R03
CCL-SPEC-QC076,W8/RH0T/HDS/T2,,Công ty TNHH UPM (Việt Nam),R03
CCL-SPEC-QC077,HGK/RP5X/GZI,,Công ty TNHH UPM (Việt Nam),R03
CCL-SPEC-QC078,LEXAN 8B35V-112 T0.127,,"Innox higa Singapore Pte.,Ltd",R03
CCL-SPEC-QC081,FCG/RP5X/GZI,,Công ty TNHH UPM (Việt Nam),R03
CCL-SPEC-QC082,MUF/RR22/GZI,,Công ty TNHH UPM (Việt Nam),R03
CCL-SPEC-QC099,HAL-W-OJI ( CPWG-J1008 F ),,Công Ty Cổ Phần Vũ Hoàng Minh,R03
CCL-SPEC-QC121,PET-SH02 T0.188,,P.T.S International,R03
CCL-SPEC-QC122,PET-SH02 T0.25,,P.T.S International,R03
CCL-SPEC-QC123,SJ450,,P.T.S International,R03
CCL-SPEC-QC127,25u Total transfer tamper evident material,,"UNIMARK TECHNOLOGY CO., LIMITED",R03
CCL-SPEC-QC131,PET-SH02 T0.125,,P.T.S International,R03
CCL-SPEC-QC144,HS-7700P,,VIỆT HÀN,R03
CCL-SPEC-QC145,HS-405W,,VIỆT HÀN,R03
CCL-SPEC-QC146,HS-SW200,,VIỆT HÀN,R03
CCL-SPEC-QC147,HS-7706P,,VIỆT HÀN,R03
CCL-SPEC-QC148,ART E PW 8K,,LINTEC,R03
CCL-SPEC-QC150,KES25N MATT NPL 7LK#,,LINTEC,R03
CCL-SPEC-QC151,YUPO80(UV) PA10 8LK,,LINTEC,R03
CCL-SPEC-QC152,YUPO80(UV) PAT1 8LK,,LINTEC,R03
CCL-SPEC-QC155,KES65WA PAT1 8K,,LINTEC,R03
CCL-SPEC-QC167,CQ-2501AS,,"SHENZHEN PANKOK ELECTRONIC TECHNOLOGY CO., LTD",R03
CCL-SPEC-QC168,336TXV-E1a,,"CCL Design (Haian) Co., Ltd",R03
CCL-SPEC-QC169,346T-J1a,,"CCL Design (Haian) Co., Ltd",R03
CCL-SPEC-QC170,301T-H12,,"CCL Design (Haian) Co., Ltd",R03
CCL-SPEC-QC171,336T-AT1,,"CCL Design (Haian) Co., Ltd",R03
CCL-SPEC-QC173,336TXV-E2a,,"CCL Design (Haian) Co., Ltd",R03
CCL-SPEC-QC175,G41 (PC Film) T0.175,,"SUZHOU OMAY OPTICAL MATERIALS CO.,LTD",R03
CCL-SPEC-QC183,3M 467MP,,Công ty TNHH Vật liệu Công nghiệp Cao Sơn,R03
CCL-SPEC-QC192,VM Velvet Matte PC Film T0.25,,HX Production Group,R03
CCL-SPEC-QC195,PC10 - GG CLEAR PC FILM,,HX Production Group,R03
CCL-SPEC-QC196,PP WHITE 150U,,Nan Ya Plastics Corporation,R03
CCL-SPEC-QC198,2PBCAAA T0.2,,Grand Upward Technology Ltd.,R03
CCL-SPEC-QC202,B6020-EX,,Công ty TNHH Vật Tư Điện Tử Tailun Vina,R03
CCL-SPEC-QC203,S3815L-25,,Công ty TNHH Vật Tư Điện Tử Tailun Vina,R03
CCL-SPEC-QC205,TPE5005E,,Công ty TNHH Vật Tư Điện Tử Tailun Vina,R03
CCL-SPEC-QC206,3M 9472LE,,Công ty TNHH ART-KO VINA,R03
CCL-SPEC-QC208,3M 468MP,,Công ty TNHH Vật liệu Công nghiệp Cao Sơn,R03
CCL-SPEC-QC209,WP-SM WG65 UR-3A,,"SAELIM CO., LTD",R03
CCL-SPEC-QC210,WP-6,,SAELIM,R03
CCL-SPEC-QC212,Double sided Tape 5748 AS,,"SERTIM CO., LTD",R03
CCL-SPEC-QC213,XPC503,,"SUN TECHNOLOGY CO.,LTD",R03
CCL-SPEC-QC214,XAY801 ( 80g Brown Paper Liner ),,"SUN TECHNOLOGY CO.,LTD",R03
CCL-SPEC-QC216,P5005,,Công ty TNHH Cung Cấp Điện Tử Sesin Việt Nam,R03
CCL-SPEC-QC217,PET A5002,,Công ty TNHH Cung Cấp Điện Tử Sesin Việt Nam,R03
CCL-SPEC-QC219,SJ-2080YW3,,SSJ ADVANCED,R03
CCL-SPEC-QC221,CQ-B-G15800,,"SHENZHEN PANKOK ELECTRONIC TECHNOLOGY CO., LTD",R03
CCL-SPEC-QC223,ECO-25MCL,,"NEION VIET NAM CO.,LTD",R03
CCL-SPEC-QC224,ECO-80WB-MX1,,"NEION VIET NAM CO.,LTD",R03
CCL-SPEC-QC225,ADHESIVE TAPE D467,,"ZhongShan New Asia Adhesive-Product Co., Ltd",R03
CCL-SPEC-QC226,PPATM(T)(30)(N),,"Zhongshan KingLabel New Materials Co., Ltd",R03
CCL-SPEC-QC227,AL(W)(50)(K170305),,"Zhongshan KingLabel New Materials Co., Ltd",R03
CCL-SPEC-QC228,DF050BW Foam tape,,"ZhongShan New Asia Adhesive-Product Co., Ltd",R03
CCL-SPEC-QC229,336-H1a,,"CCL Design (Haian) Co., Ltd",R03
CCL-SPEC-QC232,Giấy Coche C80,,Ngọc Việt,R03
CCL-SPEC-QC235,8266T-Lga,,"CCL Design (Haian) Co., Ltd",R03
CCL-SPEC-QC236,UTP50LA-30,,"Shanghai Youte Paper-Plastic Products Co.,Ltd",R03
CCL-SPEC-QC237,Giấy Coche bóng 170g,,Giấy Ngọc Việt,R03
CCL-SPEC-QC239,SILIPHAN S30 M74F,,CÔNG TY TNHH CÔNG NGHỆ RDM,R03
CCL-SPEC-QC242,lukitape # 1407,,LUKI,R03
CCL-SPEC-QC250,CALP-SH200 BC T0.4,,Công ty TNHH Chiyoda Integre Việt Nam,R03
CCL-SPEC-QC251,YUPO FGS300,,Công ty TNHH Chiyoda Integre Việt Nam,R03
CCL-SPEC-QC252,PHF151MAB-0.2T,,Công ty TNHH Chiyoda Integre Việt Nam,R03
CCL-SPEC-QC253,3M 5558,,Công ty TNHH Vật liệu Công nghiệp Cao Sơn,R03
CCL-SPEC-QC255,3M 9080A,,Công ty TNHH ART-KO VINA,R03
CCL-SPEC-QC256,3M 9460PC,,Công ty TNHH ART-KO VINA,R03
CCL-SPEC-QC257,3M VHB 4955,,Công ty TNHH ART-KO VINA,R03
CCL-SPEC-QC258,TWPE5050,,Công ty TNHH Công Nghiệp Adcel Việt Nam,R03
CCL-SPEC-QC264,CÁC LOẠI MỰC(HÓA CHẤT),,ALL,R01
CCL-SPEC-QC279,XL-S200 T3.0 PMMA,,"HUIZHOU GALILEO TRADING CO.,LTD",R03
CCL-SPEC-QC281,CPWG-P002L,,Vũ Hoàng Minh,R03
CCL-SPEC-QC282,ART K PZ2* 8K,,Công ty TNHH Lintec Hà Nội Việt Nam,R03
CCL-SPEC-QC284,HTLT50#5RJ(D0702001),,Zhongshan KingLabel,R03
CCL-SPEC-QC285,TLSH50HEJ (EA) (W190202),,"Zhongshan KingLabel New Materials Co., Ltd",R03
CCL-SPEC-QC287,PTMWG-D0850S,,Vũ Hoàng Minh,R03
CCL-SPEC-QC288,306T-J1a,,SHENZHEN CHEERMO,R03
CCL-SPEC-QC290,HS-7705P,,VIỆT HÀN,R03
CCL-SPEC-QC292,Soken tape: W-202AD,,NỀN VIỆT,R03
CCL-SPEC-QC293,TPE5010,,TAILUN,R03
CCL-SPEC-QC294,TPE80200,,TAILUN,R03
CCL-SPEC-QC295,PC1151 T0.50,,Chiyoda Integre,R03
CCL-SPEC-QC298,CHC-50030,,VIỆT HÀN,R03
CCL-SPEC-QC299,LEXAN 8B35V-112 T0.125,,"Innox higa Singapore Pte.,Ltd",R03
CCL-SPEC-QC301,GG CLEAR PC FILM (eqv EC101) T0.5,,HX Production Group Limited,R03
CCL-SPEC-QC302,VM Velvet Matte PC Film T0.38,,HX Production Group Limited,R03
CCL-SPEC-QC303,JST-2503,,CÔNG TY TNHH JY TECH,R03
CCL-SPEC-QC304,HS-SW200,,VIỆT HÀN,R00
CCL-SPEC-QC306,DY-W2550,,VIỆT HÀN,R03
CCL-SPEC-QC307,3M 9448A,,CAO SƠN,R03
CCL-SPEC-QC308,SY-7051N,,CN CÔNG TY TNHH AVERY DENNISON (VIỆT NAM) TẠI BẮC NINH,R03
CCL-SPEC-QC309,ST5008,,Công ty TNHH Vật Tư Điện Tử Tailun Vina,R03
CCL-SPEC-QC310,UTPP-70,70007166,"CCL Design (Haian) Co., Ltd",R03
CCL-SPEC-QC311,UTP188L-25,,Shanghai Youte Paper,R03
CCL-SPEC-QC312,NITTO NO.56105(NSS),,Công ty TNHH Vật liệu băng keo Nitto Denko (Việt Nam),R03
CCL-SPEC-QC313,YBPT23LA2,,"Zhejiang Fanteke New Material Co.,LTD",R03
CCL-SPEC-QC314,PT50LAW(D),,ZHEJIANG FANTEKE NEW MATERIAL CO LTD,R03
CCL-SPEC-QC315,TLT50#RJ ( K060707 ),,"Zhongshan KingLabel New Materials Co., Ltd",R03
CCL-SPEC-QC316,BY036-1Z,70009817,ShenZhen Pankok,R03
CCL-SPEC-QC317,BY036-2Z,,"ShenZhen Pankok Elec.Tech Co.,Ltd",R03
CCL-SPEC-QC318,BY075-5Z,,"SHENZHEN PANKOK ELECTRONIC TECHNOLOGY CO., LTD",R03
CCL-SPEC-QC319,BY075-6Z,,"SHENZHEN PANKOK ELECTRONIC TECHNOLOGY CO., LTD",R03
CCL-SPEC-QC320,OMAY G41 T0.25,,Grand Upward Technology Ltd.,R03
CCL-SPEC-QC321,LEXAN 8B35V-112 T0.5,,"Innox higa Singapore Pte.,Ltd",R03
CCL-SPEC-QC322,3M 9495LE,,Công ty TNHH ART-KO VINA,R03
CCL-SPEC-QC323,3M 9495MP,,Công ty TNHH ART-KO VINA,R03
CCL-SPEC-QC324,YT2015-7080-2E,,"Shanghai Youte Paper-Plastic Products Co.,Ltd",R03
CCL-SPEC-QC325,Web Clean #188 （ MType ）,,"INABATA VIETNAM CO., LTD",R03
CCL-SPEC-QC327,Màng tự dính PET25-O-F1,,"NICHIEI KAKOH (H.K.),LTD.",R03
CCL-SPEC-QC328,3FR-M01075S,,CN CÔNG TY TNHH AVERY DENNISON (VIỆT NAM) TẠI BẮC NINH,R03
CCL-SPEC-QC329,DFR117ECOB T 0.5,,"SHENZHEN PANKOK ELECTRONIC TECHNOLOGY CO., LTD",R03
CCL-SPEC-QC330,PC Omay G32 on side masking T0.5,,"SHENZHEN PANKOK ELECTRONIC TECHNOLOGY CO., LTD",R03
CCL-SPEC-QC331,PC 2811 T0.25,,"SHENZHEN PANKOK ELECTRONIC TECHNOLOGY CO., LTD",R03
CCL-SPEC-QC332,TD-C-0522,,SHENZHEN PANKOK,R01
CCL-SPEC-QC333,JHS4B07S Protronix,,"SHENZHEN PANKOK ELECTRONIC TECHNOLOGY CO., LTD",R03
CCL-SPEC-QC334,H02 Silicone tape,,"SHENZHEN PANKOK ELECTRONIC TECHNOLOGY CO., LTD",R03
CCL-SPEC-QC335,PAPER LINER 100G W/GLS+PE C1S,,"SHENZHEN PANKOK ELECTRONIC TECHNOLOGY CO., LTD",R03
CCL-SPEC-QC336,JHS-S309L-G,,"SHENZHEN PANKOK ELECTRONIC TECHNOLOGY CO., LTD",R03
CCL-SPEC-QC337,TS-FR383H T0.38,,"SHENZHEN PANKOK ELECTRONIC TECHNOLOGY CO., LTD",R03
CCL-SPEC-QC338,BY036-4Z,,"SHENZHEN PANKOK ELECTRONIC TECHNOLOGY CO., LTD",R03
CCL-SPEC-QC339,3M 897,,Công ty TNHH ART-KO VINA,R03
CCL-SPEC-QC340,SW83G t0.188,,Grand Upward Technology Ltd,R03
CCL-SPEC-QC341,UTP75L-70,,"Shanghai Youte Paper-Plastic Products Co.,Ltd",R03
CCL-SPEC-QC342,UTP75-7-7,,"Shanghai Youte Paper-Plastic Products Co.,Ltd",R03
CCL-SPEC-QC343,UTP50-1,,"Shanghai Youte Paper-Plastic Products Co.,Ltd",R03
CCL-SPEC-QC344,3M 9988EG,,Công ty TNHH ART-KO VINA,R03
CCL-SPEC-QC345,YUPO80(TTR) PAT1E 6K,,Công ty TNHH Lintec Hà Nội Việt Nam,R03
CCL-SPEC-QC346,SY001 PMMA,,"SHENZHEN SHAN LIGHT TECHNOLOGY CO., LTD",R03
CCL-SPEC-QC347,SJ-1051PS,,"SSJ ADVANCED MATERIALS CO., LTD",R03
CCL-SPEC-QC348,SJ-V99W,,"SSJ ADVANCED MATERIALS CO., LTD.",R03
CCL-SPEC-QC349,SJ-2080WKE®,,"SSJ ADVANCED MATERIALS CO., LTD",R03
CCL-SPEC-QC350,SJ-2080WKE,,"SSJ ADVANCED MATERIALS CO., LTD",R03
CCL-SPEC-QC351,TPE15300,,Công ty TNHH Vật Tư Điện Tử Tailun Vina,R03
CCL-SPEC-QC352,Sappi Parade Prima AW 115gsm,,"SHENZHEN PANKOK ELECTRONIC TECHNOLOGY CO., LTD",R03
CCL-SPEC-QC353,WG100E (Y3 ) 100G WHITE,,"SHENZHEN CHEERMO INNOVATIVE ADHESIVE MATERIALS CO., LTD",R03
CCL-SPEC-QC354,JSH-1202,,CÔNG TY TNHH JY TECH,R03
CCL-SPEC-QC355,Invercote GAW2 330gsm,,Holmen board and Paper AB,R03
CCL-SPEC-QC356,Transparence Tape OPP50,,SHENZHEN PANKOK,R01
CCL-SPEC-QC357,XYD-T464 Nomex,,"SHENZHEN PANKOK ELECTRONIC TECHNOLOGY CO., LTD",R03
CCL-SPEC-QC358,AE005-50,,"SHENZHEN PANKOK ELECTRONIC TECHNOLOGY CO., LTD",R03
CCL-SPEC-QC359,JR50T02-02D,,"SHENZHEN PANKOK ELECTRONIC TECHNOLOGY CO., LTD",R03
CCL-SPEC-QC360,JR23M03,,"SHENZHEN PANKOK ELECTRONIC TECHNOLOGY CO., LTD",R03
CCL-SPEC-QC361,JTY5015DB,,"SHENZHEN PANKOK ELECTRONIC TECHNOLOGY CO., LTD",R03
CCL-SPEC-QC362,JTY4010D-YDH-0503TA(5-10G),,"SHENZHEN PANKOK ELECTRONIC TECHNOLOGY CO., LTD",R03
CCL-SPEC-QC363,PORON SRS-32P T0.2,,"SHENZHEN PANKOK ELECTRONIC TECHNOLOGY CO., LTD",R03
CCL-SPEC-QC364,CQ-5501,,"SHENZHEN PANKOK ELECTRONIC TECHNOLOGY CO., LTD",R03
CCL-SPEC-QC365,GG Clear PC Film (1.5mm),,HX Production Group Limited,R03
CCL-SPEC-QC366,70001002,,SHENZHEN PANKOK,R01
CCL-SPEC-QC367,70002935,,SHENZHEN PANKOK,R01
CCL-SPEC-QC368,70003972,,SHENZHEN PANKOK,R01
CCL-SPEC-QC369,70003170,,"SHENZHEN PANKOK ELECTRONIC TECHNOLOGY CO., LTD",R01
CCL-SPEC-QC370,70000220,,SHENZHEN PANKOK,R01
CCL-SPEC-QC371,70003662,,"CCL Design (Zhongshan) Co.,ltd",R01
CCL-SPEC-QC372,70002424,,"SHENZHEN PANKOK ELECTRONIC TECHNOLOGY CO., LTD",R01
CCL-SPEC-QC373,70003608,,SHENZHEN PANKOK,R01
CCL-SPEC-QC374,70003781,,SHENZHEN PANKOK,R01
CCL-SPEC-QC375,70003435,,SHENZHEN PANKOK,R01
CCL-SPEC-QC376,70003547,,SHENZHEN PANKOK,R01
CCL-SPEC-QC377,70003460,,SHENZHEN PANKOK,R01
CCL-SPEC-QC378,70002725,,SHENZHEN PANKOK,R01
CCL-SPEC-QC379,70000808,,SHENZHEN PANKOK,R01
CCL-SPEC-QC380,70000076,,SHENZHEN PANKOK,R01
CCL-SPEC-QC381,70002891,,SHENZHEN PANKOK,R01
CCL-SPEC-QC382,70003818,,SHENZHEN PANKOK,R01
CCL-SPEC-QC383,3M 9077,,Công ty TNHH ART-KO VINA,R03
CCL-SPEC-QC384,BY036-5Z,,"SHENZHEN PANKOK ELECTRONIC TECHNOLOGY CO., LTD",R03
CCL-SPEC-QC385,TD-C-0532,70001002,"SHENZHEN PANKOK ELECTRONIC TECHNOLOGY CO., LTD",R03
CCL-SPEC-QC386,ASC50.S3/S60,,"SHENZHEN PANKOK ELECTRONIC TECHNOLOGY CO., LTD",R03
CCL-SPEC-QC387,TR-5001-LLP,,Công ty TNHH Vật Liệu Mới Sidike Việt Nam,R03
CCL-SPEC-QC389,C75 S35,,"SHENZHEN PANKOK ELECTRONIC TECHNOLOGY CO., LTD",R03
CCL-SPEC-QC390,TA268 ( DTAB060 Transfer Tape ),,"CCL Design (Haian) Co., Ltd",R03
CCL-SPEC-QC391,UTP50WA-2,70003818,"Shanghai Youte Paper-Plastic Products Co.,Ltd",R03
CCL-SPEC-QC392,BY075-4,,"SHENZHEN PANKOK ELECTRONIC TECHNOLOGY CO., LTD",R03
CCL-SPEC-QC393,MSK PET NRE32L1,,"SHENZHEN PANKOK ELECTRONIC TECHNOLOGY CO., LTD",R03
CCL-SPEC-QC394,UTP75-4,,"Shanghai Youte Paper-Plastic Products Co.,Ltd",R03
CCL-SPEC-QC395,PET M23A0,,"SHENZHEN PANKOK ELECTRONIC TECHNOLOGY CO., LTD",R03
CCL-SPEC-QC396,ADS1588,,CN CÔNG TY TNHH AVERY DENNISON (VIỆT NAM) TẠI BẮC NINH,R03
CCL-SPEC-QC397,DA01L,,"CCL DESIGN VINA CO., LTD",R03
CCL-SPEC-QC398,DJP/RP37/GZI/H0,,"CCL DESIGN VINA CO., LTD",R03
CCL-SPEC-QC399,Bright Silver PET 188 UVP,,"CCL DESIGN VINA CO., LTD",R03
CCL-SPEC-QC400,306T-J1 (E) CM,,"CCL DESIGN MATERIAL SCIENCE (SUZHOU) CO., LTD",R03
CCL-SPEC-QC401,336T-J1a,,"CCL Design (Haian) Co., Ltd",R03
CCL-SPEC-QC402,GREENTACK SK-900,,SOOKWANG COMPANY,R03
CCL-SPEC-QC403,Autotex XE F150,,"SHENZHEN PANKOK ELECTRONIC TECHNOLOGY CO., LTD",R03
CCL-SPEC-QC407,Nhựa PET 0.188 có cán màng 1 mặt,,CÔNG TY TNHH SẢN XUẤT LIÊN HỢP HUYNH ĐỆ,R03
CCL-SPEC-QC408,Nhựa PET 0.25 không cán màng,,CÔNG TY TNHH SẢN XUẤT LIÊN HỢP HUYNH ĐỆ,R03
CCL-SPEC-QC409,Nhựa PET 0.188 không cán màng,,CÔNG TY TNHH SẢN XUẤT LIÊN HỢP HUYNH ĐỆ,R03
CCL-SPEC-QC410,GG-Optical Extruded Clear PMMA Sheet (.. ) T1.5,,HX Production Group Limited,R03
CCL-SPEC-QC411,UTP36L-30,70003781,"Shanghai Youte Paper-Plastic Products Co.,Ltd",R03
CCL-SPEC-QC412,UTP50BAA-30-30,70003662,"Shanghai Youte Paper-Plastic Products Co.,Ltd",R03
CCL-SPEC-QC414,#8616CH-100W,,Công ty TNHH Chiyoda Integre Việt Nam,R03
CCL-SPEC-QC415,SJ-05HC,,P.T.S International,R03
CCL-SPEC-QC416,AW50.S3,7000360,"SHENZHEN PANKOK ELECTRONIC TECHNOLOGY CO., LTD",R03
CCL-SPEC-QC417,Dupont AD25,70000808,"SHENZHEN PANKOK ELECTRONIC TECHNOLOGY CO., LTD",R03
CCL-SPEC-QC418,JR36T02,70003170,"SHENZHEN PANKOK ELECTRONIC TECHNOLOGY CO., LTD",R03
CCL-SPEC-QC419,JTY3005RB,70002725,"SHENZHEN PANKOK ELECTRONIC TECHNOLOGY CO., LTD",R03
CCL-SPEC-QC420,JTY4003D ( BN-T450 ),,"SHENZHEN PANKOK ELECTRONIC TECHNOLOGY CO., LTD",R03
CCL-SPEC-QC421,Liner Paper Lopasil 62G W/GLS C1S E,70000220,"SHENZHEN PANKOK ELECTRONIC TECHNOLOGY CO., LTD",R03
CCL-SPEC-QC422,8744T-LG,,"CCL Design (Chongqing) Co., LTD",R03
CCL-SPEC-QC423,3M 9471LE,,Công ty TNHH Vật liệu Công nghiệp Cao Sơn,R03
CCL-SPEC-QC424,157149T-AT18,,"CCL Design (Haian) Co., Ltd",R03
CCL-SPEC-QC425,306T-BQ,,"CCL Design (Haian) Co., Ltd",R03
CCL-SPEC-QC427,W100E,,"SHENZHEN PANKOK ELECTRONIC TECHNOLOGY CO., LTD",R03
CCL-SPEC-QC428,PL355E2(X) SLIT,,"CCL Design (Zhongshan) Co.,ltd",R01
CCL-SPEC-QC431,Tesa 75405,70003460,CÔNG TY TNHH KỸ THUẬT CHÍNH XÁC HỢP NHẤT ( CÔNG TY TNHH UPE,R03
CCL-SPEC-QC432,TX50-P15X1,,"SHENZHEN PANKOK ELECTRONIC TECHNOLOGY CO., LTD",R03
CCL-SPEC-QC433,GG CLEAR PC FILM (eqv Lexan 8010) T0.38,,HX Production Group Limited,R03
CCL-SPEC-QC434,VM Velvet Matte PC Film T0.175,,HX Production Group Limited,R03
CCL-SPEC-QC441,338T-E2a,,"CCL Design (Haian) Co., Ltd",R03
CCL-SPEC-QC442,JKD ARS108,70002388,"SHENZHEN PANKOK ELECTRONIC TECHNOLOGY CO., LTD",R03
CCL-SPEC-QC443,128914 AM 500,70003013,G. BOPP + CO. AG,R03
CCL-SPEC-QC444,118512 AM LR 12,70004351,G. BOPP + CO. AG,R03
CCL-SPEC-QC445,114329-DIN 1.4301,70002963,G. BOPP + CO. AG,R03
CCL-SPEC-QC446,HDPE TR50 C1S Easy 10780,70000002,"SHENZHEN PANKOK ELECTRONIC TECHNOLOGY CO., LTD",R03
CCL-SPEC-QC447,SF-GWGT50300-25,70004422,"SHENZHEN PANKOK ELECTRONIC TECHNOLOGY CO., LTD",R03
CCL-SPEC-QC448,SJ-2080YW8,,"SSJ ADVANCED MATERIALS CO., LTD.",R03
CCL-SPEC-QC449,306T-AT1 €,,"CCL DESIGN MATERIAL SCIENCE (SUZHOU) CO., LTD",R03
CCL-SPEC-QC450,RHYNT HK-33 WF (BSM) T0.125,,"Innox higa Singapore Pte.,Ltd",R03
CCL-SPEC-QC451,AW-3209F,,CN CÔNG TY TNHH AVERY DENNISON (VIỆT NAM) TẠI BẮC NINH,R03
CCL-SPEC-QC452,KES25N MATT NPL 7LK,,Công ty TNHH Lintec Hà Nội Việt Nam,R03
CCL-SPEC-QC453,C0734,,CN CÔNG TY TNHH AVERY DENNISON (VIỆT NAM) TẠI BẮC NINH,R03
CCL-SPEC-QC454,CLW3,,CÔNG TY TNHH VẬT LIỆU TÂN TIẾN FORTUNA BẮC NINH,R03
CCL-SPEC-QC457,TDS 16043 黑卡 150g,,"SHENZHEN PANKOK ELECTRONIC TECHNOLOGY CO., LTD",R03
CCL-SPEC-QC458,30004614-0228 ( TDS6780A ),,"CCL Design (Suzhou) Co., Ltd",R03
CCL-SPEC-QC459,UTP-098B,,"Shanghai Youte Paper-Plastic Products Co.,Ltd",R03
CCL-SPEC-QC460,SDKGM120HC,,Công ty TNHH Vật Liệu Mới Sidike Việt Nam,R03
CCL-SPEC-QC461,HFQ-ET003S,,"SHENZHEN PANKOK ELECTRONIC TECHNOLOGY CO., LTD",R03
CCL-SPEC-QC462,P250HC/250g,,"SHENZHEN PANKOK ELECTRONIC TECHNOLOGY CO., LTD",R03
CCL-SPEC-QC463,TDS 16043 黑卡 110g,,"SHENZHEN PANKOK ELECTRONIC TECHNOLOGY CO., LTD",R03
CCL-SPEC-QC464,Formex GK-10BK 0.25mm,,"SHENZHEN PANKOK ELECTRONIC TECHNOLOGY CO., LTD",R03
CCL-SPEC-QC468,30092002-0220 ( P218 ),,"CCL Design (Suzhou) Co., Ltd",R03
CCL-SPEC-QC469,PR72,,CÔNG TY TNHH VẬT LIỆU TÂN TIẾN FORTUNA BẮC NINH,R03
CCL-SPEC-QC470,lukitape # 01407V1,,Công ty TNHH Luki Việt Nam,R03
CCL-SPEC-QC471,M115BGA6-1,70002185,"SHENZHEN PANKOK ELECTRONIC TECHNOLOGY CO., LTD",R03
CCL-SPEC-QC475,110g TDS16043,,"SHENZHEN PANKOK ELECTRONIC TECHNOLOGY CO., LTD",R01
CCL-SPEC-QC476,GG-Optical Extruded Clear PMMA Sheet (...) T2.0,,HX Production Group Limited,R03
CCL-SPEC-QC477,355T-E2a,,"CCL Design (Haian) Co., Ltd",R03
CCL-SPEC-QC478,306T-J1 E (Diamond),,"CCL DESIGN MATERIAL SCIENCE (SUZHOU) CO., LTD",R03
CCL-SPEC-QC479,SJ-5050WZ,,"SSJ ADVANCED MATERIALS CO., LTD.",R03
CCL-SPEC-QC480,TR-7501-H2P,,Công ty TNHH Vật Liệu Mới Sidike Việt Nam,R03
CCL-SPEC-QC481,S50400L-75NF,,Công ty TNHH Vật Tư Điện Tử Tailun Vina,R03
CCL-SPEC-QC482,3M 7876A,,"SHENZHEN PANKOK ELECTRONIC TECHNOLOGY CO., LTD",R03
CCL-SPEC-QC483,385T-J1a,,"CCL Design (Haian) Co., Ltd",R03
CCL-SPEC-QC484,TAG012 PET0.188,,"Kunshan Zaichen Electronic Technology Co., Ltd",R03
CCL-SPEC-QC485,Dupont AD25,70000808,"SHENZHEN PANKOK ELECTRONIC TECHNOLOGY CO., LTD",R03
CCL-SPEC-QC486,TD-C-0522,70001001,"SHENZHEN PANKOK ELECTRONIC TECHNOLOGY CO., LTD",R03
CCL-SPEC-QC487,TD-C-0532,70001002,"SHENZHEN PANKOK ELECTRONIC TECHNOLOGY CO., LTD",R03
CCL-SPEC-QC488,H03 Tape 0.06mm ( LY-6050G )-,70001852,"SHENZHEN PANKOK ELECTRONIC TECHNOLOGY CO., LTD",R03
CCL-SPEC-QC489,25um 7101A-1g,70001991,"SHENZHEN PANKOK ELECTRONIC TECHNOLOGY CO., LTD",R03
CCL-SPEC-QC490,Transparence Tape OPP50,70002034,"SHENZHEN PANKOK ELECTRONIC TECHNOLOGY CO., LTD",R03
CCL-SPEC-QC491,7972G double sided tape,70002128,"Crown Vina Advanced Materials Technology Co., Ltd.",R03
CCL-SPEC-QC492,OPAT 上光膜 0.02mm,70002438,"SHENZHEN PANKOK ELECTRONIC TECHNOLOGY CO., LTD",R03
CCL-SPEC-QC493,JTY305R-BS,70003001,"SHENZHEN PANKOK ELECTRONIC TECHNOLOGY CO., LTD",R03
CCL-SPEC-QC494,CQ-B-Y8832BPVC,70003918,"SHENZHEN PANKOK ELECTRONIC TECHNOLOGY CO., LTD",R03
CCL-SPEC-QC495,M23 J25,70004384,"SHENZHEN PANKOK ELECTRONIC TECHNOLOGY CO., LTD",R03
CCL-SPEC-QC496,Blue PET Film 8160A,70003831,"SHENZHEN PANKOK ELECTRONIC TECHNOLOGY CO., LTD",R03
CCL-SPEC-QC497,PET CLEAR T0.1,,"ATARIH Precision Vietnam Co.,Ltd",R03
CCL-SPEC-QC498,Yellow Release Liner 100-191,,CÔNG TY TNHH CÔNG NGHỆ VẬT LIỆU CAPROCK BẮC GIANG,R03
CCL-SPEC-QC499,Brushed B.S PET 100 + R-500,,"SAELIM CO., LTD",R03
CCL-SPEC-QC500,TESA 61350,70003766,CÔNG TY TNHH KỸ THUẬT CHÍNH XÁC HỢP NHẤT ( CÔNG TY TNHH UPE ),R03
CCL-SPEC-QC501,TPE5030,,Công ty TNHH Vật Tư Điện Tử Tailun Vina,R03
CCL-SPEC-QC502,SJ-2083WKE(R)_40,,"SSJ ADVANCED MATERIALS CO., LTD.",R03
CCL-SPEC-QC503,MW-0052F,,CN CÔNG TY TNHH AVERY DENNISON (VIỆT NAM) TẠI BẮC NINH,R03
CCL-SPEC-QC504,GG-Optical Extruded Clear PMMA Sheet (.. ) T3.0,,HX Production Group Limited,R03
CCL-SPEC-QC505,UTP-662N,,"Shanghai Youte Paper-Plastic Products Co.,Ltd",R03
CCL-SPEC-QC506,PPATM(T)(30)(N)J,,"KINGLABEL INTERNATIONAL (VIETNAM) CO., LTD",R03
CCL-SPEC-QC507,HC PET-L-188,,"SHENZHEN PANKOK ELECTRONIC TECHNOLOGY CO., LTD",R03
CCL-SPEC-QC508,338T-J1a,,"CCL Design (Haian) Co., Ltd",R03
CCL-SPEC-QC509,KP0264,,CÔNG TY TNHH CÔNG NGHỆ VẬT LIỆU CAPROCK BẮC GIANG,R03
CCL-SPEC-QC510,3M 93015LE,,Công ty TNHH Vật liệu Công nghiệp Cao Sơn,R03
CCL-SPEC-QC511,Tesa 61390,,"SHENZHEN PANKOK ELECTRONIC TECHNOLOGY CO., LTD",R03
CCL-SPEC-QC512,S50200,,Công ty TNHH Vật Tư Điện Tử Tailun Vina,R03
CCL-SPEC-QC513,CAP240,,CÔNG TY TNHH CÔNG NGHỆ VẬT LIỆU CAPROCK BẮC GIANG,R03
CCL-SPEC-QC514,JTY7505LS,,"SHENZHEN PANKOK ELECTRONIC TECHNOLOGY CO., LTD",R03
CCL-SPEC-QC515,Liner paper 80g W/GLS C1S,,"SHENZHEN PANKOK ELECTRONIC TECHNOLOGY CO., LTD",R03
CCL-SPEC-QC516,L075WAAH,,"SHENZHEN PANKOK ELECTRONIC TECHNOLOGY CO., LTD",R03
CCL-SPEC-QC517,JYS004 Blue Pet,,"SHENZHEN PANKOK ELECTRONIC TECHNOLOGY CO., LTD",R03
CCL-SPEC-QC518,30091064-0118 ( 257513-H1a ),,"CCL Design (Suzhou) Co., Ltd",R03
CCL-SPEC-QC519,TORAY LUMIRROR-E22 T0.188,,"SHENZHEN PANKOK ELECTRONIC TECHNOLOGY CO., LTD",R03
CCL-SPEC-QC520,SDKT7595A,,Công ty TNHH Vật Liệu Mới Sidike Việt Nam,R03
CCL-SPEC-QC521,PL309-TA1(30g) (30090236),,"CCL Design (Haian) Co., Ltd",R03
CCL-SPEC-QC522,PL 309-TA1(L12g)( 30090172),,"CCL Design (Haian) Co., Ltd",R03
CCL-SPEC-QC523,W80G,70006001,"CCL Design (Haian) Co., Ltd",R03
CCL-SPEC-QC524,3M 5909,70001490,Công ty TNHH ART-KO VINA,R03
CCL-SPEC-QC526,UTP50-4,70007563,"Shanghai Youte Paper-Plastic Products Co.,Ltd",R03
CCL-SPEC-QC527,UTP100L-40,70007596,"Shanghai Youte Paper-Plastic Products Co.,Ltd",R03
CCL-SPEC-QC528,UTP50-7,70007605,"Shanghai Youte Paper-Plastic Products Co.,Ltd",R03
CCL-SPEC-QC529,UTP50-12,70007646,"Shanghai Youte Paper-Plastic Products Co.,Ltd",R03
CCL-SPEC-QC530,YTML -2550R-500,70008061,"Shanghai Youte Paper-Plastic Products Co.,Ltd",R03
CCL-SPEC-QC531,PET25#,70009008,ZHEJIANG FANTEKE NEW MATERIAL CO LTD,R03
CCL-SPEC-QC532,PL309 YT,70009847,"CCL Design (Haian) Co., Ltd",R03
CCL-SPEC-QC533,S-D100ST,70010092,"CCL Design (Haian) Co., Ltd",R03
CCL-SPEC-QC534,Nhựa PET 0.25 có cán màng PE 1 mặt,,CÔNG TY TNHH SẢN XUẤT LIÊN HỢP HUYNH ĐỆ,R03
CCL-SPEC-QC535,SDKT0382H,,Công ty TNHH Vật Liệu Mới Sidike Việt Nam,R03
CCL-SPEC-QC536,TMF-24,,"SHENZHEN PANKOK ELECTRONIC TECHNOLOGY CO., LTD",R03
CCL-SPEC-QC537,PET188,,Công ty TNHH Cung Cấp Điện Tử Sesin Việt Nam,R03
CCL-SPEC-QC538,Soken tape A-500,,CÔNG TY TNHH NỀN VIỆT,R03
CCL-SPEC-QC539,336T-J1 E(160),,"CCL Design (Haian) Co., Ltd",R03
CCL-SPEC-QC540,DST-10,,Công ty TNHH Vật Liệu Mới Sidike Việt Nam,R03
CCL-SPEC-QC541,PP3BAP,,CÔNG TY TNHH VẬT LIỆU TÂN TIẾN FORTUNA BẮC NINH,R03
CCL-SPEC-QC542,OPAT-C0026,,Công Ty Cổ Phần Vũ Hoàng Minh,R03
CCL-SPEC-QC543,HS-P32S,,CÔNG TY TNHH SẢN XUẤT THƯƠNG MẠI VIỆT HÀN HÀ NỘI,R03
CCL-SPEC-QC544,BG085-1Z4,,"SHENZHEN PANKOK ELECTRONIC TECHNOLOGY CO., LTD",R03
CCL-SPEC-QC545,RC-065A3H (Blue liner),,"SHENZHEN PANKOK ELECTRONIC TECHNOLOGY CO., LTD",R03
CCL-SPEC-QC546,Saati Acoustex HD15B,,"SHENZHEN PANKOK ELECTRONIC TECHNOLOGY CO., LTD",R03
CCL-SPEC-QC547,S7512L-38,,Công ty TNHH Vật Tư Điện Tử Tailun Vina,R03
CCL-SPEC-QC548,BD65A ( W80G ),,ZHEJIANG FANTEKE NEW MATERIAL CO LTD,R03
CCL-SPEC-QC549,HTLT75#1R(EA)J,,"KINGLABEL INTERNATIONAL (VIETNAM) CO., LTD",R03
CCL-SPEC-QC550,SDT (EA)#1R(K241221),,"KINGLABEL INTERNATIONAL (VIETNAM) CO., LTD",R03
CCL-SPEC-QC551,DELL Bezel_DB4BO_PROTECT_FILM--承托膜（PC,,"Suzhou Diyang Huichen Electronic Materials Co.,LTD",R03
CCL-SPEC-QC552,SFG-APB2M000102,,"CCL Design (Haian) Co., Ltd",R03
CCL-SPEC-QC553,SFG-APB2M000102,,"CCL Design (Haian) Co., Ltd",R03
CCL-SPEC-QC554,SFG-APB2M000102,,"CCL Design (Haian) Co., Ltd",R03
CCL-SPEC-QC555,SFG-APB2M000102,,"CCL Design (Haian) Co., Ltd",R03
CCL-SPEC-QC556,SFG-APB2M000102,,"CCL Design (Haian) Co., Ltd",R03
CCL-SPEC-QC557,SFG-APB2M000102,,"CCL Design (Haian) Co., Ltd",R03
CCL-SPEC-QC558,DELL Bezel_DB3BO_PROTECT_FILM--承托膜(PC),,"Suzhou Diyang Huichen Electronic Materials Co.,LTD",R03
CCL-SPEC-QC559,DELL Bezel_KDB45_PROTECT_FILM--承托膜(PC),,"Suzhou Diyang Huichen Electronic Materials Co.,LTD",R03
CCL-SPEC-QC560,DELL Bezel_KDB45_PROTECT_FILM--承托膜(PC),,"Suzhou Diyang Huichen Electronic Materials Co.,LTD",R03
CCL-SPEC-QC561,BL120-03PT,,"KUNSHAN FAXIN ZHONGXIN NEW MATERIALS CO.,LTD",R03
CCL-SPEC-QC562,SDKB7591A,,Công ty TNHH Vật Liệu Mới Sidike Việt Nam,R03
CCL-SPEC-QC563,TLT50(W)(100)(K230901),,"KINGLABEL INTERNATIONAL (VIETNAM) CO., LTD",R03
CCL-SPEC-QC564,38411T-E1a,,"CCL Design (Haian) Co., Ltd",R03
CCL-SPEC-QC565,Polyimide Film without Adhesive 0.075mm,,"Xiamen GBS Adhesive Tape Co.,Ltd",R03
CCL-SPEC-QC566,UTP50W-30,,"Shanghai Youte Paper-Plastic Products Co.,Ltd",R03
CCL-SPEC-QC567,UTP50-30,,"Shanghai Youte Paper-Plastic Products Co.,Ltd",R03
CCL-SPEC-QC568,UTP50W-100,,"Shanghai Youte Paper-Plastic Products Co.,Ltd",R03
CCL-SPEC-QC569,DB6811,,CÔNG TY TNHH VẬT LIỆU DOBESTY VIỆT NAM,R03
CCL-SPEC-QC570,SDKLX0810,,Công ty TNHH Vật Liệu Mới Sidike Việt Nam,R03
CCL-SPEC-QC571,SDKT0501H-J,,Công ty TNHH Vật Liệu Mới Sidike Việt Nam,R03
CCL-SPEC-QC572,AG030 PET 0.188,,"Kunshan Zaichen Electronic Technology Co., Ltd",R03
CCL-SPEC-QC573,TR-7501-MP,,Công ty TNHH Vật Liệu Mới Sidike Việt Nam,R03
CCL-SPEC-QC574,EFR 65-NC T0.127,,"Innox higa Singapore Pte.,Ltd",R03
CCL-SPEC-QC575,3M 1567,,"JIANGSU MACTAPE INDUSTRIAL PRODUCTS TECHNOLOGY CO.,LTD",R03
CCL-SPEC-QC577,HTLB50#2RJ(K150516),,"KINGLABEL INTERNATIONAL (VIETNAM) CO., LTD",R03
CCL-SPEC-QC579,DSTT-5-R,,SIDIKE,R03
CCL-SPEC-QC581,PET 75(A) PAT1 11LL,,Công ty TNHH Lintec Hà Nội Việt Nam,R03
CCL-SPEC-QC582,PET DZ1 (188mic),,"Xiamen GBS Adhesive Tape Co.,Ltd",R03
CCL-SPEC-QC583,BX075-1W,,"SHENZHEN PANKOK ELECTRONIC TECHNOLOGY CO., LTD",R03
CCL-SPEC-QC584,GYPT506B,,"SHENZHEN PANKOK ELECTRONIC TECHNOLOGY CO., LTD",R03
CCL-SPEC-QC585,Y140YBA5,,"SHENZHEN PANKOK ELECTRONIC TECHNOLOGY CO., LTD",R03
CCL-SPEC-QC586,LEXAN 8010VMC-112 T0.25,,"Innox higa Singapore Pte.,Ltd",R03
CCL-SPEC-QC587,SDKGM120HT,,Công ty TNHH Vật Liệu Mới Sidike Việt Nam,R03
CCL-SPEC-QC588,8B35V T0.178,,"CCL DESIGN VINA CO., LTD",R03
CCL-SPEC-QC589,SDKLX0092BW,,Công ty TNHH Vật Liệu Mới Sidike Việt Nam,R03
CCL-SPEC-QC590,ADS1412,,CN CÔNG TY TNHH AVERY DENNISON (VIỆT NAM) TẠI BẮC NINH,R03
CCL-SPEC-QC591,FLD/RPC5/GZD/H0,,Công ty TNHH UPM (Việt Nam),R03
CCL-SPEC-QC592,BW-9335,,CN CÔNG TY TNHH AVERY DENNISON (VIỆT NAM) TẠI BẮC NINH,R03
CCL-SPEC-QC593,336T-SG,,"CCL Design (Haian) Co., Ltd.",R03
CCL-SPEC-QC594,345T-J1a,,"CCL Design (Haian) Co., Ltd.",R03
CCL-SPEC-QC595,346T-E1a,,"CCL Design (Haian) Co., Ltd.",R03
CCL-SPEC-QC596,339T-J1a,,"CCL Design (Haian) Co., Ltd.",R03
CCL-SPEC-QC597,338T-E1a,,"CCL Design (Haian) Co., Ltd.",R03
CCL-SPEC-QC598,339T-E2a,,"CCL Design (Haian) Co., Ltd.",R03
CCL-SPEC-QC599,330T-J1a,,"CCL Design (Haian) Co., Ltd.",R03
CCL-SPEC-QC600,FR65-116 T0.25,,"Innox higa Singapore Pte.,Ltd",R03
CCL-SPEC-QC601,TPE5005,,Công ty TNHH Vật Tư Điện Tử Tailun Vina,R03
CCL-SPEC-QC602,YUPO80(UV) NO GLUE,,Công ty TNHH Lintec Hà Nội Việt Nam,R03
CCL-SPEC-QC603,FLX000609,,"FLEXcon Converting, Inc.",R03
CCL-SPEC-QC604,PC300A 75U(MZ-0321),,"CCL Design (Suzhou) Co., Ltd.",R03
CCL-SPEC-QC606,Lexan 8B35 T0375mm,,"CCL Design (Suzhou) Co., Ltd.",R03
CCL-SPEC-QC607,Lexan 8B35 T0.25mm,,"CCL Design (Suzhou) Co., Ltd.",R03
CCL-SPEC-QC608,PC Film G11 T0.375mm,,"CCL Design (Suzhou) Co., Ltd.",R03
CCL-SPEC-QC609,SDKT0503H,,Công ty TNHH Vật Liệu Mới Sidike Việt Nam,R03
CCL-SPEC-QC610,SDKT0704H-J (1),,Công ty TNHH Vật Liệu Mới Sidike Việt Nam,R03
CCL-SPEC-QC611,AM LR 30-(H12 133812 LR30),,"CCL Design (Zhongshan) Co., Ltd.",R03
CCL-SPEC-QC612,JC-8160T,,"SHENZHEN PANKOK ELECTRONIC TECHNOLOGY CO., LTD",R03
CCL-SPEC-QC613,836T-Lag,,"CCL Design (Haian) Co., Ltd",R03
CCL-SPEC-QC614,Màng PP 0.375,,CÔNG TY TNHH SẢN XUẤT LIÊN HỢP HUYNH ĐỆ,R03
CCL-SPEC-QC615,HSJ/RR23/GZD/H0,,Công ty TNHH UPM (Việt Nam),R03
CCL-SPEC-QC616,SDKMZ10164,,Công ty TNHH Vật Liệu Mới Sidike Việt Nam,R03
CCL-SPEC-QC617,WS7530L-50,,Công ty TNHH Vật Tư Điện Tử Tailun Vina,R03
CCL-SPEC-QC618,SDT-T12 ( D160505 ),,"KINGLABEL INTERNATIONAL (VIETNAM) CO., LTD",R03
CCL-SPEC-QC620,3M 7816,,Công ty TNHH Vật liệu Công nghiệp Cao Sơn,R03
CCL-SPEC-QC621,MZ0308,,CN CÔNG TY TNHH AVERY DENNISON (VIỆT NAM) TẠI BẮC NINH,R03
CCL-SPEC-QC622,PETSB50(A) PAT1 8LK,,Công ty TNHH Lintec Hà Nội Việt Nam,R03
CCL-SPEC-QC623,F4A/RP5X/GZI,,Công ty TNHH UPM (Việt Nam),R03
CCL-SPEC-QC624,FXC Series Narrow,,"SHENZHEN PANKOK ELECTRONIC TECHNOLOGY CO., LTD",R03
CCL-SPEC-QC625,AM-340H,,Công ty TNHH Công Nghiệp Adcel Việt Nam,R03
CCL-SPEC-QC626,Saati B010HF,,"SHENZHEN PANKOK ELECTRONIC TECHNOLOGY CO., LTD",R03
CCL-SPEC-QC627,PET DZ1 T0.25,,CÔNG TY TNHH LINKORA VIỆT NAM,R03
CCL-SPEC-QC628,HCGG Hardcoat Gloss PC Film T0.5,,HX Production Group Limited,R03
CCL-SPEC-QC629,3M VHB 5925,,Công ty TNHH Vật liệu Công nghiệp Cao Sơn,R03
CCL-SPEC-QC630,HTLB50#1RJ(K220801),,"KINGLABEL INTERNATIONAL (VIETNAM) CO., LTD",R03
CCL-SPEC-QC631,3M 7815,,Công ty TNHH Vật liệu Công nghiệp Cao Sơn,R03
CCL-SPEC-QC632,SDKT0506H,,Công ty TNHH Vật Liệu Mới Sidike Việt Nam,R03
CCL-SPEC-QC633,CPC50 J5,70004600,"CCL Design (Zhongshan) Co., Ltd.",R03
CCL-SPEC-QC634,PET Film Tape 8040B,70003814,"CCL Design (Zhongshan) Co., Ltd.",R03
CCL-SPEC-QC635,TR-3601-LLP,700009333,"CCL Design (Zhongshan) Co., Ltd.",R03
CCL-SPEC-QC636,846T-Lga,,"CCL Design (Haian) Co., Ltd.",R03
CCL-SPEC-QC637,T5032-EX,,Công ty TNHH Vật Tư Điện Tử Tailun Vina,R03
CCL-SPEC-QC638,S02AA-I,,"CCL DESIGN VINA CO., LTD",R03
CCL-SPEC-QC639,PET50,,Công ty TNHH Cung Cấp Điện Tử Sesin Việt Nam,R03
CCL-SPEC-QC640,3M 9183,,Công ty TNHH Vật liệu Công nghiệp Cao Sơn,R03
CCL-SPEC-QC641,S5080L-50,,Công ty TNHH Vật Tư Điện Tử Tailun Vina,R03
CCL-SPEC-QC642,DCF61,,XXX,R03
CCL-SPEC-QC643,T050WJ(EB)(L),,ZHEJIANG FANTEKE NEW MATERIAL CO LTD,R03
CCL-SPEC-QC644,Bowtape 300NHK,,HITTA JSC,R03
CCL-SPEC-QC645,SMT-801 t0.015,,"SHENZHEN PANKOK ELECTRONIC TECHNOLOGY CO., LTD",R03
CCL-SPEC-QC646,3M 9480,,Công ty TNHH Vật liệu Công nghiệp Cao Sơn,R03
CCL-SPEC-QC647,XP350-150C,,"Wuhu Xiaxin New Materials Science and Technology Co.,Ltd",R03
CCL-SPEC-QC648,(T-TLWM50(EA)(118)E(K181011),,"CCL Design (Suzhou) Co., Ltd.",R03
CCL-SPEC-QC649,FXC 24 /OP -01D,,"SHENZHEN PANKOK ELECTRONIC TECHNOLOGY CO., LTD",R03
CCL-SPEC-QC650,PRIMELINER - 75µ C/PET C1S R5,,Công ty TNHH Vinh Thái,R03
CCL-SPEC-QC651,3M 5915P,,Công ty TNHH Vật liệu Công nghiệp Cao Sơn,R03
CCL-SPEC-QC652,AW-0450P,,CÔNG TY TNHH AVERY DENNISON (VIỆT NAM) TẠI BẮC NINH,R03
CCL-SPEC-QC653,136860-AM LR 8 uncoating,,G. BOPP + CO.AG,R03
CCL-SPEC-QC654,136871-AM 220,,G. BOPP + CO.AG,R03
CCL-SPEC-QC655,D60A3-6g,,CÔNG TY TNHH CÔNG NGHỆ BAO BÌ KYNEN VIẸT NAM,R03
CCL-SPEC-QC656,PTL5003-L,,CÔNG TY TNHH CÔNG NGHỆ BAO BÌ KYNEN VIẸT NAM,R03
CCL-SPEC-QC657,118869 - M LR 8 HC8 coating,,G. BOPP + CO.AG,R03
CCL-SPEC-QC658,131225-AM 420,,G. BOPP + CO.AG,R03
CCL-SPEC-QC659,3M 7871,,Công ty TNHH ART-KO VINA,R03
CCL-SPEC-QC660,3M 7875,,Công ty TNHH ART-KO VINA,R03
CCL-SPEC-QC661,SJ-2090GCE(R)S_40,,"SSJ ADVANCED MATERIALS CO., LTD.",R03
CCL-SPEC-QC662,SJ-V99WBE,,"SSJ ADVANCED MATERIALS CO., LTD.",R03
CCL-SPEC-QC663,SJ-2090GCE,,"SSJ ADVANCED MATERIALS CO., LTD.",R03
CCL-SPEC-QC664,Nhựa PET 0.1 có cán màng PE 1 mặt,,CÔNG TY TNHH SẢN XUẤT LIÊN HỢP HUYNH ĐỆ,R03
CCL-SPEC-QC665,HPGL100(YW),,"SHENZHEN PANKOK ELECTRONIC TECHNOLOGY CO., LT",R03
CCL-SPEC-QC666,Nhựa PET 0.125 không cán màng,,CÔNG TY TNHH SẢN XUẤT LIÊN HỢP HUYNH ĐỆ,R03
CCL-SPEC-QC667,(PET 0.125mm 1 side corona treatment),,CÔNG TY TNHH CÔNG NGHỆ RDM,R03
CCL-SPEC-QC668,R7520,,Công ty TNHH Cung Cấp Điện Tử Sesin Việt Nam,R03
CCL-SPEC-QC669,E6/RP3/7GZI/H0,,Công ty TNHH UPM (Việt Nam),R03
